,A,T,C,G,N,level
U7,0,0,0,5,0,0.0
U6ATAC,0,0,0,0,0,
U6,0,0,0,0,0,
U5,3,0,0,338,0,0.008797653958944282
U4ATAC,0,0,0,0,0,
U4,3,0,0,85,0,0.03409090909090909
U2,15,1,0,366,0,0.03937007874015748
U1-like-1,10,0,0,665,0,0.014814814814814815
U1b-like,0,0,0,0,0,
U1b,0,0,0,86,0,0.0
U1a,17,0,0,1125,0,0.0148861646234676
U12,0,0,0,32,0,0.0
U11,0,0,0,12,0,0.0
SNORD83,0,0,0,0,0,
SNORD82,0,0,0,0,0,
SNORD70,0,0,0,0,0,
SNORD60,0,0,0,0,0,
SNORD58,0,0,0,0,0,
SNORD50,0,0,0,0,0,
SNORD36,0,2,0,0,0,
SNORD32,0,0,0,0,0,
SNORD3,1,0,0,31,0,0.03125
SNORD12,0,0,0,0,0,
SNORD116,0,0,0,0,0,
SNORD115,0,0,0,0,0,
SNORD113,0,0,0,0,0,
SNORD110,0,0,0,0,0,
ENSMUST00020182785.1_snRNA,0,0,0,0,0,
ENSMUST00020182424.1_snRNA,0,0,0,6,0,0.0
ENSMUST00000239931.1_U1b_like,0,0,0,0,0,
ENSMUST00000175147.3_snRNA,1,0,0,5,0,0.16666666666666666
ENSMUST00000158323.3_snRNA,0,0,0,0,0,
ENSMUST00000157633.3_U1_like,0,0,0,0,0,
ENSMUST00000157129.4_U1_like,0,0,0,5,0,0.0
ENSMUST00000122716.3_snRNA,0,0,0,1,0,0.0
ENSMUST00000122512.4_snRNA,0,0,0,0,0,
ENSMUST00000083808.4_snRNA,0,0,0,2,0,0.0
ENSMUST00000083801.3_snRNA,0,0,0,0,0,
ENSMUST00000083034.3_snRNA,0,0,0,4,0,0.0
ENSMUST00000083009.3_snRNA,0,0,0,0,0,
ENSMUST00000082653.3_snRNA,0,0,0,0,0,
AC106821.2,0,1,0,0,0,
AC021305.1,0,0,0,3,0,0.0
